{
"EchoTime1": 0.00600,
"EchoTime2": 0.00746
}